id,nombre,ciudad,region,fecha_alta
1,Víctor Fernández,Zaragoza,Aragón,2023-06-22
2,Marta Álvarez,Murcia,Región de Murcia,2023-10-22
3,Ana Muñoz,Zaragoza,Aragón,2023-05-10
4,Paula Ruiz,Zaragoza,Aragón,2023-01-01
5,Paula Pérez,Málaga,Andalucía,2024-09-03
6,Elena Díaz,Valencia,Comunidad Valenciana,2024-02-19
7,Ana Álvarez,Murcia,Región de Murcia,2024-04-24
8,Pablo Hernández,Málaga,Andalucía,2024-06-11
9,Lucía Fernández,Málaga,Andalucía,2023-07-21
10,Noelia Pérez,Barcelona,Cataluña,2023-02-08
11,Alberto Fernández,Málaga,Andalucía,2023-12-19
12,Diego Gómez,Murcia,Región de Murcia,2023-12-13
13,Hugo García,Sevilla,Andalucía,2024-01-30
14,Bea Martín,Madrid,Centro,2023-06-12
15,Noelia Romero,Valladolid,Castilla y León,2023-03-30
16,Alberto Muñoz,Sevilla,Andalucía,2023-04-03
17,Sergio Gómez,Bilbao,País Vasco,2023-01-09
18,Daniel Alonso,Zaragoza,Aragón,2023-09-16
19,Carmen Ortega,Sevilla,Andalucía,2024-08-01
20,Ana Díaz,Málaga,Andalucía,2023-12-01
21,Luis Fernández,Valladolid,Castilla y León,2023-07-22
22,Carmen Romero,Sevilla,Andalucía,2024-06-24
23,Lucía Navarro,Valencia,Comunidad Valenciana,2023-07-22
24,María Sánchez,Valladolid,Castilla y León,2023-01-02
25,Irene Hernández,Valencia,Comunidad Valenciana,2024-07-24
26,Carmen Álvarez,Málaga,Andalucía,2023-08-29
27,Noelia Sánchez,Valladolid,Castilla y León,2024-09-03
28,Elena López,Sevilla,Andalucía,2024-10-09
29,Hugo Sánchez,Zaragoza,Aragón,2023-05-22
30,Pablo Ruiz,Bilbao,País Vasco,2024-04-16
31,Carlos Ruiz,Bilbao,País Vasco,2023-11-27
32,David Sánchez,Murcia,Región de Murcia,2023-07-22
33,David Navarro,Madrid,Centro,2023-04-03
34,Jorge Sánchez,Valencia,Comunidad Valenciana,2023-12-22
35,Daniel Romero,Sevilla,Andalucía,2024-07-10
36,María Martín,Murcia,Región de Murcia,2023-12-28
37,Víctor López,Valencia,Comunidad Valenciana,2024-03-07
38,Víctor Muñoz,Zaragoza,Aragón,2024-05-20
39,Lucía Pérez,Murcia,Región de Murcia,2023-07-07
40,Víctor Gómez,Zaragoza,Aragón,2023-11-15
41,Pablo Muñoz,Valencia,Comunidad Valenciana,2023-08-13
42,Alberto Ruiz,Valencia,Comunidad Valenciana,2024-07-29
43,Víctor García,Murcia,Región de Murcia,2024-03-16
44,Elena García,Madrid,Centro,2024-09-09
45,Paula Gómez,Valencia,Comunidad Valenciana,2024-08-15
46,Laura García,Zaragoza,Aragón,2023-02-16
47,Daniel Alonso,Murcia,Región de Murcia,2024-06-04
48,Lucía Martín,Málaga,Andalucía,2024-08-08
49,Laura Hernández,Sevilla,Andalucía,2023-10-28
50,Lucía Romero,Valladolid,Castilla y León,2023-03-04
51,Marta Moreno,Málaga,Andalucía,2023-06-28
52,Luis Sánchez,Sevilla,Andalucía,2023-12-29
53,Diego Díaz,Murcia,Región de Murcia,2024-07-21
54,Hugo Muñoz,Madrid,Centro,2023-04-12
55,Irene Martín,Barcelona,Cataluña,2023-04-19
56,Diego Gómez,Valencia,Comunidad Valenciana,2024-08-08
57,Carlos Fernández,Valladolid,Castilla y León,2024-07-03
58,Bea Hernández,Murcia,Región de Murcia,2023-09-13
59,Luis Castro,Valencia,Comunidad Valenciana,2024-03-29
60,Elena Ortega,Valencia,Comunidad Valenciana,2023-10-11
61,Noelia Martín,Valencia,Comunidad Valenciana,2023-09-07
62,Irene Pérez,Barcelona,Cataluña,2024-04-26
63,Raúl Álvarez,Valladolid,Castilla y León,2023-09-03
64,Raúl Navarro,Murcia,Región de Murcia,2023-11-01
65,Ana Pérez,Valencia,Comunidad Valenciana,2023-05-01
66,Raúl Álvarez,Zaragoza,Aragón,2024-10-05
67,Noelia Pérez,Málaga,Andalucía,2023-06-08
68,Carmen Romero,Valencia,Comunidad Valenciana,2023-11-08
69,Elena Ortega,Valencia,Comunidad Valenciana,2023-07-05
70,Elena Martínez,Valladolid,Castilla y León,2024-02-08
71,Daniel Fernández,Valladolid,Castilla y León,2024-05-12
72,Alberto Hernández,Barcelona,Cataluña,2024-08-26
73,David López,Barcelona,Cataluña,2023-09-07
74,Elena Pérez,Málaga,Andalucía,2023-12-06
75,Irene Hernández,Murcia,Región de Murcia,2024-08-23
76,Raúl Castro,Valencia,Comunidad Valenciana,2023-02-15
77,Daniel Alonso,Málaga,Andalucía,2023-05-04
78,David Fernández,Valencia,Comunidad Valenciana,2023-06-29
79,Raúl Muñoz,Málaga,Andalucía,2023-05-29
80,Lucía Fernández,Murcia,Región de Murcia,2024-02-05
81,Sergio Navarro,Zaragoza,Aragón,2023-02-05
82,Alberto Muñoz,Sevilla,Andalucía,2023-08-30
83,David Álvarez,Zaragoza,Aragón,2024-08-06
84,Carlos López,Valencia,Comunidad Valenciana,2024-10-09
85,Sofía Sánchez,Sevilla,Andalucía,2024-01-16
86,Sergio Martín,Bilbao,País Vasco,2024-09-04
87,Carlos Navarro,Valencia,Comunidad Valenciana,2023-01-15
88,Hugo Hernández,Málaga,Andalucía,2023-03-15
89,Hugo López,Madrid,Centro,2023-11-21
90,Bea Castro,Murcia,Región de Murcia,2024-03-31
91,Irene Pérez,Murcia,Región de Murcia,2024-06-28
92,Hugo Hernández,Málaga,Andalucía,2023-10-21
93,Daniel Gómez,Valencia,Comunidad Valenciana,2024-01-28
94,María Hernández,Valladolid,Castilla y León,2023-12-24
95,Víctor Gómez,Valencia,Comunidad Valenciana,2024-06-07
96,Noelia López,Valladolid,Castilla y León,2023-06-26
97,Laura Pérez,Madrid,Centro,2023-03-04
98,Carlos Vega,Murcia,Región de Murcia,2023-12-18
99,Víctor Alonso,Sevilla,Andalucía,2024-03-05
100,Laura Alonso,Zaragoza,Aragón,2024-06-16
101,Daniel Navarro,Bilbao,País Vasco,2024-09-12
102,Lucía Romero,Madrid,Centro,2024-08-11
103,Elena Ruiz,Sevilla,Andalucía,2024-07-24
104,Carlos García,Barcelona,Cataluña,2023-01-09
105,Elena Navarro,Barcelona,Cataluña,2024-01-04
106,Carlos Ruiz,Valencia,Comunidad Valenciana,2023-06-13
107,Daniel Gómez,Málaga,Andalucía,2024-02-27
108,Sergio Alonso,Murcia,Región de Murcia,2023-03-13
109,Paula Hernández,Valladolid,Castilla y León,2024-05-05
110,Sofía Hernández,Zaragoza,Aragón,2023-08-04
111,Daniel Díaz,Madrid,Centro,2024-08-06
112,Carmen Gómez,Valladolid,Castilla y León,2023-10-22
113,Jorge Sánchez,Sevilla,Andalucía,2024-08-27
114,Marta Vega,Málaga,Andalucía,2023-04-18
115,Víctor Álvarez,Bilbao,País Vasco,2024-01-29
116,Alberto Martínez,Valencia,Comunidad Valenciana,2024-03-08
117,Jorge García,Zaragoza,Aragón,2023-01-13
118,Carlos Pérez,Málaga,Andalucía,2024-01-01
119,Irene Ortega,Bilbao,País Vasco,2023-03-31
120,Raúl Hernández,Sevilla,Andalucía,2023-07-29
121,Raúl Díaz,Sevilla,Andalucía,2024-03-23
122,Víctor Sánchez,Sevilla,Andalucía,2023-06-13
123,Carlos Sánchez,Murcia,Región de Murcia,2024-01-23
124,Pablo Vega,Madrid,Centro,2023-03-08
125,Sofía Moreno,Zaragoza,Aragón,2024-06-05
126,Carmen López,Valencia,Comunidad Valenciana,2023-12-02
127,Jorge Alonso,Murcia,Región de Murcia,2024-05-01
128,Sergio Hernández,Valladolid,Castilla y León,2024-07-02
129,Carmen Muñoz,Valencia,Comunidad Valenciana,2023-01-06
130,Noelia Romero,Sevilla,Andalucía,2024-01-22
131,Marta Romero,Bilbao,País Vasco,2024-08-13
132,Noelia Martínez,Bilbao,País Vasco,2024-07-30
133,Daniel Ruiz,Barcelona,Cataluña,2023-11-28
134,Sergio Ortega,Murcia,Región de Murcia,2023-07-01
135,Ana Álvarez,Madrid,Centro,2023-11-22
136,Laura Martínez,Sevilla,Andalucía,2023-06-09
137,Sergio Álvarez,Valencia,Comunidad Valenciana,2023-05-23
138,Jorge Díaz,Málaga,Andalucía,2023-11-25
139,David Martín,Málaga,Andalucía,2024-08-22
140,Carlos Romero,Murcia,Región de Murcia,2024-02-07
141,Pablo Castro,Valladolid,Castilla y León,2023-07-10
142,Sergio Ortega,Murcia,Región de Murcia,2023-01-15
143,Laura Álvarez,Madrid,Centro,2024-09-04
144,Elena López,Málaga,Andalucía,2023-10-05
145,Luis Fernández,Murcia,Región de Murcia,2023-03-22
146,Raúl Hernández,Madrid,Centro,2023-08-27
147,Marta Moreno,Zaragoza,Aragón,2023-05-15
148,Marta Álvarez,Zaragoza,Aragón,2024-08-06
149,Carlos Romero,Sevilla,Andalucía,2023-10-31
150,Luis Ortega,Madrid,Centro,2023-01-09
151,Pablo Vega,Barcelona,Cataluña,2023-11-26
152,Ana Fernández,Barcelona,Cataluña,2023-01-13
153,Pablo Martínez,Bilbao,País Vasco,2024-08-18
154,Diego Álvarez,Bilbao,País Vasco,2024-09-15
155,Laura Álvarez,Barcelona,Cataluña,2023-07-03
156,Marta Hernández,Barcelona,Cataluña,2023-12-08
157,Sergio Ortega,Sevilla,Andalucía,2023-07-09
158,Irene Martín,Madrid,Centro,2024-05-09
159,Raúl Ortega,Valencia,Comunidad Valenciana,2023-07-05
160,Raúl Vega,Madrid,Centro,2024-07-31
161,Lucía Ortega,Sevilla,Andalucía,2023-11-20
162,Raúl Álvarez,Barcelona,Cataluña,2023-02-19
163,Diego Romero,Bilbao,País Vasco,2023-08-16
164,Jorge Muñoz,Murcia,Región de Murcia,2023-08-01
165,Raúl López,Murcia,Región de Murcia,2024-03-22
166,Bea Moreno,Málaga,Andalucía,2023-12-17
167,Lucía García,Valladolid,Castilla y León,2023-05-19
168,Alberto Navarro,Valencia,Comunidad Valenciana,2023-03-02
169,Daniel Vega,Zaragoza,Aragón,2024-01-23
170,Bea Navarro,Málaga,Andalucía,2023-08-10
171,Pablo Muñoz,Valladolid,Castilla y León,2023-11-12
172,Noelia Martín,Madrid,Centro,2023-10-01
173,Laura Álvarez,Málaga,Andalucía,2024-10-07
174,Paula Pérez,Sevilla,Andalucía,2024-01-25
175,Irene García,Zaragoza,Aragón,2023-01-17
176,Elena Ruiz,Valladolid,Castilla y León,2023-07-14
177,Raúl Castro,Zaragoza,Aragón,2024-04-30
178,Sergio Pérez,Barcelona,Cataluña,2023-06-21
179,Elena Hernández,Madrid,Centro,2023-06-13
180,Marta Hernández,Madrid,Centro,2024-02-03
181,Sergio Fernández,Sevilla,Andalucía,2023-12-20
182,Luis Romero,Valencia,Comunidad Valenciana,2023-04-04
183,Víctor Gómez,Zaragoza,Aragón,2024-05-01
184,Alberto Hernández,Zaragoza,Aragón,2023-03-10
185,David Moreno,Málaga,Andalucía,2024-07-08
186,Alberto Pérez,Valladolid,Castilla y León,2023-01-19
187,Luis Gómez,Valencia,Comunidad Valenciana,2024-08-08
188,Sofía López,Bilbao,País Vasco,2023-11-19
189,Carmen Muñoz,Madrid,Centro,2023-12-04
190,Ana Pérez,Zaragoza,Aragón,2023-12-27
191,Alberto Díaz,Barcelona,Cataluña,2024-03-05
192,Jorge Pérez,Málaga,Andalucía,2024-03-21
193,Irene Ruiz,Madrid,Centro,2023-09-21
194,Hugo Martínez,Valencia,Comunidad Valenciana,2023-03-28
195,Laura Muñoz,Valladolid,Castilla y León,2024-07-04
196,Irene Alonso,Valencia,Comunidad Valenciana,2024-05-05
197,Lucía Ruiz,Zaragoza,Aragón,2024-06-27
198,Irene Sánchez,Valencia,Comunidad Valenciana,2024-03-08
199,María López,Zaragoza,Aragón,2024-04-29
200,Noelia Navarro,Murcia,Región de Murcia,2023-05-15
201,Marta Muñoz,Madrid,Centro,2023-10-05
202,Luis Díaz,Valladolid,Castilla y León,2024-04-20
203,Carlos Muñoz,Murcia,Región de Murcia,2023-01-16
204,Jorge Ruiz,Madrid,Centro,2024-10-03
205,Carmen Díaz,Zaragoza,Aragón,2023-06-16
206,Luis Muñoz,Zaragoza,Aragón,2023-06-29
207,Víctor Alonso,Valladolid,Castilla y León,2023-12-09
208,Laura Alonso,Zaragoza,Aragón,2023-12-22
209,Alberto Gómez,Madrid,Centro,2023-12-07
210,Ana López,Zaragoza,Aragón,2024-05-26
211,Raúl Díaz,Sevilla,Andalucía,2024-07-19
212,Noelia Pérez,Zaragoza,Aragón,2023-02-17
213,Raúl López,Málaga,Andalucía,2023-02-08
214,Raúl Castro,Sevilla,Andalucía,2023-01-23
215,Hugo Vega,Madrid,Centro,2024-05-13
216,Carlos Martínez,Murcia,Región de Murcia,2023-05-26
217,Lucía Castro,Madrid,Centro,2023-10-22
218,Lucía Sánchez,Valencia,Comunidad Valenciana,2023-03-27
219,Irene Martínez,Bilbao,País Vasco,2023-07-03
220,Pablo Romero,Valencia,Comunidad Valenciana,2023-10-31
221,Sofía López,Sevilla,Andalucía,2023-01-11
222,Hugo Hernández,Madrid,Centro,2024-04-21
223,Lucía Alonso,Barcelona,Cataluña,2023-02-15
224,Laura Díaz,Murcia,Región de Murcia,2024-08-20
225,Carmen Pérez,Madrid,Centro,2023-09-04
226,Jorge Hernández,Valladolid,Castilla y León,2023-03-15
227,Bea García,Zaragoza,Aragón,2024-07-11
228,Alberto Romero,Málaga,Andalucía,2024-05-10
229,Irene Vega,Murcia,Región de Murcia,2024-08-30
230,Carlos Sánchez,Murcia,Región de Murcia,2024-02-29
231,Paula García,Barcelona,Cataluña,2023-04-16
232,Víctor Hernández,Bilbao,País Vasco,2023-03-17
233,Marta Fernández,Bilbao,País Vasco,2023-10-10
234,Diego Hernández,Zaragoza,Aragón,2023-11-10
235,Noelia López,Zaragoza,Aragón,2024-04-21
236,Daniel López,Murcia,Región de Murcia,2023-09-25
237,Lucía Martínez,Zaragoza,Aragón,2024-01-03
238,Lucía Moreno,Sevilla,Andalucía,2023-03-11
239,Luis Moreno,Zaragoza,Aragón,2023-08-15
240,Noelia García,Barcelona,Cataluña,2024-02-24
241,Diego Vega,Sevilla,Andalucía,2024-09-05
242,Bea Martínez,Valencia,Comunidad Valenciana,2023-02-19
243,David Romero,Murcia,Región de Murcia,2023-09-06
244,Alberto Álvarez,Valladolid,Castilla y León,2024-07-15
245,Lucía García,Valencia,Comunidad Valenciana,2023-11-25
246,Elena Díaz,Bilbao,País Vasco,2023-01-03
247,Laura Álvarez,Madrid,Centro,2023-06-05
248,Carmen López,Madrid,Centro,2024-10-03
249,Carmen Gómez,Zaragoza,Aragón,2023-09-09
250,Alberto Castro,Murcia,Región de Murcia,2023-05-26
251,Raúl Díaz,Valencia,Comunidad Valenciana,2023-03-01
252,Pablo Moreno,Murcia,Región de Murcia,2023-08-25
253,María Díaz,Murcia,Región de Murcia,2023-02-19
254,Carmen Ruiz,Madrid,Centro,2024-05-10
255,Jorge Sánchez,Valladolid,Castilla y León,2023-11-30
256,Marta Vega,Madrid,Centro,2023-03-09
257,Carmen López,Valencia,Comunidad Valenciana,2023-03-19
258,Sofía Ortega,Valencia,Comunidad Valenciana,2023-01-28
259,Bea García,Málaga,Andalucía,2023-12-19
260,Hugo Muñoz,Valencia,Comunidad Valenciana,2023-03-18
261,Diego Navarro,Bilbao,País Vasco,2024-05-29
262,Marta Moreno,Murcia,Región de Murcia,2023-12-10
263,Víctor Álvarez,Valencia,Comunidad Valenciana,2024-10-05
264,Marta López,Valladolid,Castilla y León,2023-07-11
265,Bea Moreno,Bilbao,País Vasco,2023-08-15
266,Hugo Hernández,Barcelona,Cataluña,2024-04-30
267,Elena Sánchez,Barcelona,Cataluña,2023-07-16
268,David Gómez,Bilbao,País Vasco,2024-06-29
269,Ana Díaz,Zaragoza,Aragón,2024-09-10
270,Bea Muñoz,Málaga,Andalucía,2023-01-11
271,Luis Martínez,Valencia,Comunidad Valenciana,2024-02-01
272,Laura Castro,Sevilla,Andalucía,2023-12-05
273,Elena Álvarez,Valencia,Comunidad Valenciana,2024-06-05
274,Carlos Alonso,Valladolid,Castilla y León,2023-12-07
275,Jorge Díaz,Valencia,Comunidad Valenciana,2023-12-02
276,Sofía Ruiz,Madrid,Centro,2024-05-24
277,Diego Alonso,Barcelona,Cataluña,2023-12-21
278,Carmen Moreno,Murcia,Región de Murcia,2024-02-17
279,María Sánchez,Valencia,Comunidad Valenciana,2024-02-23
280,Diego Fernández,Málaga,Andalucía,2024-04-13
281,Daniel López,Bilbao,País Vasco,2024-04-09
282,Sofía García,Valencia,Comunidad Valenciana,2024-10-11
283,Diego Hernández,Murcia,Región de Murcia,2023-03-13
284,Marta Alonso,Bilbao,País Vasco,2023-03-19
285,Pablo Martín,Málaga,Andalucía,2024-10-09
286,Elena Castro,Valladolid,Castilla y León,2023-09-21
287,Paula Martín,Valladolid,Castilla y León,2024-07-25
288,Marta Vega,Zaragoza,Aragón,2023-06-04
289,Luis Martínez,Sevilla,Andalucía,2023-11-12
290,Ana Muñoz,Murcia,Región de Murcia,2024-10-08
291,María Pérez,Barcelona,Cataluña,2024-03-05
292,Ana Muñoz,Murcia,Región de Murcia,2024-09-26
293,Carmen Moreno,Málaga,Andalucía,2024-04-08
294,Marta Alonso,Málaga,Andalucía,2024-06-21
295,Pablo Ruiz,Madrid,Centro,2023-03-09
296,Sergio Pérez,Málaga,Andalucía,2023-03-15
297,Diego Hernández,Madrid,Centro,2024-03-07
298,Marta Gómez,Valladolid,Castilla y León,2023-04-09
299,Laura Navarro,Bilbao,País Vasco,2023-09-15
300,Paula Álvarez,Madrid,Centro,2023-12-08
301,Carmen Moreno,Valencia,Comunidad Valenciana,2024-05-25
302,Hugo Sánchez,Málaga,Andalucía,2023-09-05
303,Marta Pérez,Madrid,Centro,2023-03-07
304,Luis Vega,Zaragoza,Aragón,2023-02-17
305,Pablo Hernández,Valencia,Comunidad Valenciana,2024-09-29
306,Víctor Muñoz,Málaga,Andalucía,2024-10-08
307,Laura Álvarez,Valladolid,Castilla y León,2024-08-10
308,Sofía Hernández,Murcia,Región de Murcia,2023-05-25
309,Sergio Pérez,Bilbao,País Vasco,2024-08-17
310,Sergio Ruiz,Valladolid,Castilla y León,2024-06-11
311,Hugo Fernández,Valladolid,Castilla y León,2024-08-01
312,Laura Moreno,Sevilla,Andalucía,2024-05-29
313,Sergio Díaz,Málaga,Andalucía,2023-12-03
314,Lucía Ortega,Valencia,Comunidad Valenciana,2023-08-17
315,Paula López,Valladolid,Castilla y León,2024-06-08
316,María Moreno,Valladolid,Castilla y León,2024-05-05
317,Raúl Vega,Valladolid,Castilla y León,2023-04-28
318,Marta Romero,Zaragoza,Aragón,2023-10-30
319,David Fernández,Bilbao,País Vasco,2023-03-05
320,Irene Díaz,Valladolid,Castilla y León,2023-06-28
321,Hugo Romero,Madrid,Centro,2023-04-23
322,Pablo Castro,Barcelona,Cataluña,2024-03-31
323,María Martín,Madrid,Centro,2024-01-20
324,Irene Romero,Barcelona,Cataluña,2023-01-02
325,Sofía García,Málaga,Andalucía,2023-06-27
326,María Ortega,Sevilla,Andalucía,2024-08-05
327,Paula García,Valencia,Comunidad Valenciana,2024-07-11
328,Sofía Ortega,Sevilla,Andalucía,2023-10-08
329,Pablo Martínez,Sevilla,Andalucía,2024-06-23
330,Víctor Romero,Barcelona,Cataluña,2024-03-12
331,Daniel Álvarez,Valencia,Comunidad Valenciana,2024-05-17
332,María Alonso,Zaragoza,Aragón,2023-09-21
333,Daniel Vega,Barcelona,Cataluña,2023-04-30
334,Marta Sánchez,Valencia,Comunidad Valenciana,2023-05-07
335,Pablo Martínez,Málaga,Andalucía,2023-02-11
336,Carlos Pérez,Zaragoza,Aragón,2024-06-18
337,María López,Murcia,Región de Murcia,2024-06-29
338,Marta Gómez,Zaragoza,Aragón,2024-06-10
339,Sofía Moreno,Sevilla,Andalucía,2023-12-30
340,Carmen Hernández,Murcia,Región de Murcia,2023-03-13
341,David Castro,Valladolid,Castilla y León,2024-04-02
342,Marta Moreno,Bilbao,País Vasco,2024-08-17
343,Luis Castro,Barcelona,Cataluña,2023-05-13
344,María Ortega,Murcia,Región de Murcia,2023-01-20
345,Pablo García,Sevilla,Andalucía,2023-09-09
346,Carmen Martínez,Sevilla,Andalucía,2024-01-30
347,Lucía Martín,Málaga,Andalucía,2023-02-12
348,Marta Ortega,Madrid,Centro,2023-02-16
349,Ana Vega,Murcia,Región de Murcia,2023-02-03
350,Laura Álvarez,Zaragoza,Aragón,2023-01-20
351,María Muñoz,Valladolid,Castilla y León,2023-06-17
352,Carmen Martín,Sevilla,Andalucía,2024-06-11
353,Raúl Gómez,Valladolid,Castilla y León,2023-12-11
354,Bea Ortega,Madrid,Centro,2023-02-05
355,Irene Alonso,Barcelona,Cataluña,2024-01-09
356,Diego Alonso,Bilbao,País Vasco,2024-04-13
357,Víctor Fernández,Bilbao,País Vasco,2023-03-23
358,Paula Castro,Barcelona,Cataluña,2023-10-07
359,Diego Vega,Zaragoza,Aragón,2023-04-06
360,Marta Álvarez,Murcia,Región de Murcia,2024-01-18
361,Carmen Moreno,Sevilla,Andalucía,2023-04-27
362,Hugo Navarro,Murcia,Región de Murcia,2024-08-10
363,Raúl Pérez,Madrid,Centro,2023-01-09
364,Bea Martín,Madrid,Centro,2023-11-30
365,Bea Hernández,Bilbao,País Vasco,2023-07-19
366,Marta Ortega,Bilbao,País Vasco,2024-08-11
367,Jorge Álvarez,Málaga,Andalucía,2023-08-11
368,Paula Díaz,Bilbao,País Vasco,2023-06-23
369,Carlos Martín,Valencia,Comunidad Valenciana,2024-01-30
370,Pablo Navarro,Sevilla,Andalucía,2023-06-03
371,Carmen García,Valencia,Comunidad Valenciana,2023-07-06
372,Jorge Álvarez,Zaragoza,Aragón,2023-04-29
373,Bea Romero,Málaga,Andalucía,2024-06-25
374,Sergio Vega,Valencia,Comunidad Valenciana,2024-07-29
375,Diego Ruiz,Madrid,Centro,2023-04-10
376,Luis Alonso,Valladolid,Castilla y León,2024-06-17
377,Daniel Navarro,Valencia,Comunidad Valenciana,2024-02-20
378,Jorge Romero,Málaga,Andalucía,2023-12-26
379,Alberto Romero,Barcelona,Cataluña,2024-08-31
380,Ana López,Zaragoza,Aragón,2023-10-09
381,Víctor García,Murcia,Región de Murcia,2024-05-29
382,María Hernández,Valencia,Comunidad Valenciana,2023-02-12
383,Pablo Hernández,Valencia,Comunidad Valenciana,2023-12-09
384,Elena Sánchez,Valladolid,Castilla y León,2024-09-16
385,Jorge Álvarez,Madrid,Centro,2023-07-17
386,Elena García,Sevilla,Andalucía,2024-03-04
387,Pablo Vega,Málaga,Andalucía,2023-03-07
388,Daniel Castro,Barcelona,Cataluña,2023-02-28
389,María Hernández,Valladolid,Castilla y León,2024-02-07
390,Sofía García,Málaga,Andalucía,2023-05-25
391,Ana López,Barcelona,Cataluña,2023-08-01
392,Lucía Martín,Barcelona,Cataluña,2023-12-30
393,Sofía Hernández,Málaga,Andalucía,2023-02-09
394,Laura Romero,Valencia,Comunidad Valenciana,2024-02-12
395,Carmen García,Valladolid,Castilla y León,2024-07-07
396,Carlos Vega,Bilbao,País Vasco,2024-03-05
397,Carlos Ortega,Barcelona,Cataluña,2024-01-11
398,Noelia López,Málaga,Andalucía,2024-08-16
399,Lucía Sánchez,Málaga,Andalucía,2023-07-20
400,Hugo Moreno,Sevilla,Andalucía,2023-02-07
